"instance","size","algorithm","time","cost","iterations","relative_deviation"
"N-be75eec_150",150,"memetic",1002.690854,3472245,113,0.303862263654708
"N-be75eec_150",150,"ILS",1000.334944,3473315,1016,0.273140103387247
