instance, size, algorithm, time, cost, iterations
N-be75eec_150,150,memetic,1002.690854,3472245,113
N-be75eec_150,150,ILS,1000.334944,3473315,1016
