"algorithm","size","average_relative_deviation","average_time"
"VND 1",150,1.88910054847628,21.8671907179487
"VND 2",150,1.69117037323014,34.1065934615385
