"algorithm","size","average_relative_deviation","sd_relative_deviation","average_time","sd_time"
"Best exchange random",150,2.66933554836499,0.545888058158227,30.2181715641026,6.25786275131354
"Best exchange CW",150,2.46895229043359,0.506101449934418,28.0096283589744,6.08981587523831
"Best insert random",150,1.97235099768429,0.495399434781256,106.644270717949,20.4887923522932
"Best insert CW",150,1.65844651219212,0.419656110432994,73.6588831538462,14.903002643193
"Best transpose random",150,35.992050033772,3.25978344771361,0.0548799487179487,0.016838737421335
"Best transpose CW",150,20.0203944572352,2.05704967837512,0.0530696666666667,0.0157834716002021
