"algorithm","size","average_relative_deviation","sd_relative_deviation","average_time","sd_time"
"VND 1",150,1.88910054847628,0.488068948872373,21.8671907179487,3.8461335704094
"VND 2",150,1.69117037323014,0.52081716236504,34.1065934615385,4.42190002233362
