"algorithm","average_relative_deviation","average_time","size"
"First exchange random",2.66933554836499,30.2181715641026,150
"First exchange CW",2.46895229043359,28.0096283589744,150
"First insert random",1.97235099768429,106.644270717949,150
"First insert CW",1.65844651219212,73.6588831538462,150
"First transpose random",35.992050033772,0.0548799487179487,150
"First transpose CW",20.0203944572352,0.0530696666666667,150
